time,ultrasonic,sheepCount
1585150518.393210,148,0
1585150518.454700,148,0
1585150518.516120,148,0
1585150518.577541,148,0
1585150518.638913,148,0
1585150518.700287,148,0
1585150518.761682,148,0
1585150518.823064,148,0
1585150518.884444,148,0
1585150518.946171,148,0
1585150519.008342,148,0
1585150519.070529,148,0
1585150519.132720,148,0
1585150519.194880,148,0
1585150519.257048,148,0
1585150519.319208,148,0
1585150519.381365,148,0
1585150519.443513,148,0
1585150519.505672,148,0
1585150519.567859,148,0
1585150519.630032,148,0
1585150519.692194,148,0
1585150519.754358,148,0
1585150519.816515,148,0
1585150519.878700,148,0
1585150519.940888,148,0
1585150520.003151,148,0
1585150520.065371,148,0
1585150520.127552,148,0
1585150520.189718,148,0
1585150520.251878,148,0
1585150520.314078,148,0
1585150520.376264,148,0
1585150520.438432,148,0
1585150520.500602,148,0
1585150520.562782,148,0
1585150520.624985,148,0
1585150520.687145,148,0
1585150520.749312,148,0
1585150520.811474,148,0
1585150520.873627,148,0
1585150520.935817,148,0
1585150520.998050,148,0
1585150521.060213,148,0
1585150521.122348,148,0
1585150521.184497,148,0
1585150521.246697,148,0
1585150521.308863,148,0
1585150521.371016,148,0
1585150521.433172,148,0
1585150521.495336,148,0
1585150521.557495,148,0
1585150521.619668,148,0
1585150521.681872,148,0
1585150521.744018,148,0
1585150521.806185,148,0
1585150521.868346,148,0
1585150521.930503,148,0
1585150521.992654,148,0
1585150522.054824,148,0
1585150522.117003,148,0
1585150522.179158,148,0
1585150522.241320,148,0
1585150522.303450,148,0
1585150522.365604,148,0
1585150522.427815,148,0
1585150522.489987,148,0
1585150522.552156,148,0
1585150522.614324,148,0
1585150522.676527,148,0
1585150522.738699,148,0
1585150522.800866,148,0
1585150522.863063,148,0
1585150522.925220,148,0
1585150522.987383,148,0
1585150523.049550,148,0
1585150523.111717,148,0
1585150523.173874,148,0
1585150523.236053,148,0
1585150523.298232,148,0
1585150523.360396,148,0
1585150523.422532,148,0
1585150523.484678,148,0
1585150523.546910,148,0
1585150523.609153,148,0
1585150523.671314,148,0
1585150523.733502,148,0
1585150523.795680,148,0
1585150523.857850,148,0
1585150523.920013,148,0
1585150523.982167,148,0
1585150524.044320,148,0
1585150524.106482,148,0
1585150524.168657,148,0
1585150524.230860,148,0
1585150524.293005,148,0
1585150524.355160,148,0
1585150524.417322,148,0
1585150524.479483,148,0
1585150524.541684,148,0
1585150524.603843,148,0
1585150524.666046,148,0
1585150524.728197,148,0
1585150524.790400,148,0
1585150524.852567,148,0
1585150524.914754,148,0
1585150524.976937,148,0
1585150525.039110,148,0
1585150525.101358,148,0
1585150525.163566,148,0
1585150525.225754,148,0
1585150525.288033,148,0
1585150525.350425,148,0
1585150525.412847,148,0
1585150525.475340,148,0
1585150525.537813,148,0
1585150525.600290,148,0
1585150525.662695,148,0
1585150525.725101,148,0
1585150525.787523,148,0
1585150525.849945,148,0
1585150525.912351,148,0
1585150525.974749,148,0
1585150526.037168,148,0
1585150526.099713,148,0
1585150526.162208,148,0
1585150526.224665,148,0
1585150526.287128,148,0
1585150526.349556,148,0
1585150526.411978,148,0
1585150526.474380,148,0
1585150526.536851,148,0
1585150526.599267,148,0
1585150526.661677,148,0
1585150526.724084,148,0
1585150526.786506,31,0
1585150526.848978,148,0
1585150526.911401,148,0
1585150526.973813,148,0
1585150527.036228,148,0
1585150527.098673,148,0
1585150527.161150,148,0
1585150527.223560,16,0
1585150527.286068,149,0
1585150527.348493,150,0
1585150527.410909,162,0
1585150527.473348,16,0
1585150527.535808,165,0
1585150527.598302,10,0
1585150527.660779,519,0
1585150527.723256,18,0
1585150527.785696,18,0
1585150527.848198,13,0
1585150527.910621,10,0
1585150527.973046,10,1
1585150528.035465,11,1
1585150528.097899,18,1
1585150528.160404,17,1
1585150528.222897,16,1
1585150528.285344,15,1
1585150528.347784,148,1
1585150528.410208,148,1
1585150528.472618,148,1
1585150528.535077,148,1
1585150528.597487,148,1
1585150528.659894,148,1
1585150528.722299,148,1
1585150528.784725,148,1
1585150528.847191,148,1
1585150528.909607,148,1
1585150528.972043,148,1
1585150529.034613,148,1
1585150529.097039,148,1
1585150529.159480,148,1
1585150529.221902,148,1
1585150529.284317,148,1
1585150529.346832,148,1
1585150529.409238,148,1
1585150529.471735,148,1
1585150529.534146,148,1
1585150529.596565,148,1
1585150529.658968,148,1
1585150529.721367,148,1
1585150529.783780,148,1
1585150529.846192,148,1
1585150529.908601,148,1
1585150529.971013,148,1
1585150530.033449,148,1
1585150530.095868,148,1
1585150530.158403,148,1
1585150530.220852,148,1
1585150530.283262,148,1
1585150530.345697,148,1
1585150530.408272,148,1
1585150530.470709,148,1
1585150530.533177,148,1
1585150530.595627,148,1
1585150530.658104,148,1
1585150530.720549,148,1
1585150530.782928,148,1
1585150530.845331,148,1
1585150530.907747,148,1
1585150530.970184,148,1
1585150531.032647,148,1
1585150531.095068,148,1
1585150531.157499,148,1
1585150531.219908,148,1
1585150531.282336,148,1
1585150531.344745,148,1
1585150531.407159,148,1
1585150531.469611,148,1
1585150531.532023,148,1
1585150531.594436,148,1
1585150531.656906,148,1
1585150531.719304,148,1
1585150531.781711,148,1
1585150531.844126,148,1
1585150531.906545,148,1
1585150531.968989,148,1
1585150532.031396,148,1
1585150532.093810,148,1
1585150532.156248,148,1
1585150532.218665,148,1
1585150532.281074,148,1
1585150532.343488,148,1
1585150532.405913,148,1
1585150532.468387,148,1
1585150532.530820,148,1
1585150532.593246,148,1
1585150532.655653,148,1
1585150532.718102,148,1
1585150532.780520,148,1
1585150532.842976,148,1
1585150532.905391,148,1
1585150532.967806,148,1
1585150533.030229,148,1
1585150533.092649,148,1
1585150533.155125,148,1
1585150533.217553,148,1
1585150533.279961,148,1
1585150533.342372,148,1
1585150533.404815,148,1
1585150533.467267,148,1
1585150533.529734,148,1
1585150533.592199,148,1
1585150533.654613,148,1
1585150533.717062,148,1
1585150533.779518,148,1
1585150533.841937,148,1
1585150533.904335,148,1
1585150533.966801,148,1
1585150534.029228,148,1
1585150534.091694,148,1
1585150534.154097,148,1
1585150534.216529,148,1
1585150534.278954,148,1
1585150534.341358,148,1
1585150534.403804,148,1
1585150534.466200,148,1
1585150534.528633,161,1
1585150534.591063,16,1
1585150534.653471,161,1
1585150534.715890,14,1
1585150534.778337,14,1
1585150534.840734,161,1
1585150534.903137,13,1
1585150534.965542,14,1
1585150535.028008,14,1
1585150535.090440,13,2
1585150535.152920,11,2
1585150535.215423,12,2
1585150535.277882,14,2
1585150535.340328,13,2
1585150535.402780,12,2
1585150535.465199,11,2
1585150535.527616,13,2
1585150535.590096,12,2
1585150535.652566,13,2
1585150535.714972,16,2
1585150535.777403,16,2
1585150535.839787,16,2
1585150535.902194,22,2
1585150535.964601,17,2
1585150536.027017,20,2
1585150536.089430,21,2
1585150536.151840,148,2
1585150536.214263,148,2
1585150536.276672,148,2
1585150536.339087,148,2
1585150536.401499,148,2
1585150536.463925,148,2
1585150536.526349,148,2
1585150536.588768,148,2
1585150536.651209,148,2
1585150536.713652,148,2
1585150536.776073,148,2
1585150536.838504,148,2
1585150536.900907,148,2
1585150536.963320,148,2
1585150537.025733,148,2
1585150537.088224,148,2
1585150537.150682,148,2
1585150537.213110,148,2
1585150537.275553,148,2
1585150537.338061,148,2
1585150537.400482,148,2
1585150537.462893,148,2
1585150537.525310,148,2
1585150537.587725,148,2
1585150537.650124,148,2
1585150537.712530,148,2
1585150537.774942,148,2
1585150537.837357,148,2
1585150537.899772,148,2
1585150537.962229,148,2
1585150538.024644,148,2
1585150538.087052,148,2
1585150538.149453,148,2
1585150538.211860,148,2
1585150538.274281,148,2
1585150538.336802,148,2
1585150538.399222,148,2
1585150538.461637,148,2
1585150538.524038,148,2
1585150538.586446,148,2
1585150538.648886,148,2
1585150538.711324,148,2
1585150538.773764,148,2
1585150538.836188,148,2
1585150538.898626,148,2
1585150538.961046,148,2
1585150539.023450,148,2
1585150539.085874,148,2
1585150539.148344,148,2
1585150539.210751,148,2
1585150539.273169,148,2
1585150539.335604,148,2
1585150539.398159,148,2
1585150539.460584,148,2
1585150539.523007,148,2
1585150539.585427,148,2
1585150539.647847,148,2
1585150539.710392,148,2
1585150539.772812,148,2
1585150539.835210,148,2
1585150539.897615,148,2
1585150539.960055,148,2
1585150540.022502,148,2
1585150540.084960,148,2
1585150540.147427,148,2
1585150540.209916,148,2
1585150540.272410,148,2
1585150540.334932,148,2
1585150540.397470,148,2
1585150540.459918,148,2
1585150540.522330,148,2
1585150540.584813,148,2
1585150540.647310,148,2
1585150540.709701,148,2
1585150540.772127,148,2
1585150540.834565,148,2
1585150540.897069,148,2
1585150540.959532,148,2
1585150541.021928,148,2
1585150541.084362,148,2
1585150541.146844,148,2
1585150541.209257,148,2
1585150541.271673,148,2
1585150541.334087,148,2
1585150541.396543,148,2
1585150541.458976,148,2
1585150541.521393,148,2
1585150541.583805,148,2
1585150541.646218,148,2
1585150541.708625,148,2
1585150541.771023,148,2
1585150541.833425,148,2
1585150541.895838,148,2
1585150541.958311,148,2
1585150542.020724,148,2
1585150542.083144,148,2
1585150542.145557,148,2
1585150542.208106,148,2
1585150542.270530,148,2
1585150542.332930,148,2
1585150542.395336,148,2
1585150542.457751,148,2
1585150542.520222,148,2
1585150542.582636,148,2
1585150542.645052,148,2
1585150542.707495,148,2
1585150542.769902,148,2
1585150542.832376,148,2
1585150542.894859,148,2
1585150542.957331,148,2
1585150543.019760,148,2
1585150543.082243,148,2
1585150543.144688,148,2
1585150543.207199,148,2
1585150543.269669,148,2
1585150543.332174,13,2
1585150543.394843,164,2
1585150543.457342,16,2
1585150543.519774,11,2
1585150543.582227,163,2
1585150543.644647,18,2
1585150543.707125,161,2
1585150543.769584,18,2
1585150543.831999,16,2
1585150543.894441,148,2
1585150543.956912,148,2
1585150544.019334,148,2
1585150544.081739,148,2
1585150544.144157,148,2
1585150544.206614,148,2
1585150544.269041,148,2
1585150544.331449,148,2
1585150544.393855,148,2
1585150544.456258,148,2
1585150544.518720,148,2
1585150544.581147,148,2
1585150544.643556,148,2
1585150544.706010,148,2
1585150544.768418,148,2
1585150544.830816,148,2
1585150544.893216,148,2
1585150544.955682,148,2
1585150545.018200,148,2
1585150545.080615,148,2
1585150545.143013,148,2
1585150545.205424,148,2
1585150545.267920,148,2
1585150545.330371,148,2
1585150545.392835,148,2
1585150545.455262,148,2
1585150545.517701,148,2
1585150545.580119,148,2
1585150545.642558,148,2
1585150545.704984,148,2
1585150545.767440,148,2
1585150545.829852,148,2
1585150545.892250,148,2
1585150545.954650,148,2
1585150546.017098,148,2
1585150546.079518,148,2
1585150546.141914,148,2
1585150546.204329,148,2
1585150546.266799,148,2
1585150546.329259,148,2
1585150546.391673,148,2
1585150546.454083,148,2
1585150546.516485,148,2
1585150546.578901,148,2
1585150546.641313,148,2
1585150546.703738,148,2
1585150546.766182,148,2
1585150546.828592,148,2
1585150546.890994,148,2
1585150546.953403,148,2
1585150547.015811,148,2
1585150547.078307,148,2
1585150547.140730,148,2
1585150547.203133,148,2
1585150547.265537,148,2
1585150547.328016,148,2
1585150547.390476,148,2
1585150547.452887,148,2
1585150547.515320,148,2
1585150547.577761,148,2
1585150547.640275,148,2
1585150547.702724,148,2
1585150547.765145,148,2
1585150547.827552,148,2
1585150547.889968,148,2
1585150547.952380,148,2
1585150548.014776,148,2
1585150548.077189,148,2
1585150548.139610,148,2
1585150548.202026,148,2
1585150548.264419,148,2
1585150548.326895,148,2
1585150548.389300,148,2
1585150548.451705,148,2
1585150548.514110,148,2
1585150548.576564,148,2
1585150548.638968,148,2
1585150548.701381,148,2
1585150548.763797,148,2
1585150548.826216,148,2
1585150548.888698,148,2
1585150548.951095,148,2
1585150549.013503,148,2
1585150549.075924,148,2
1585150549.138420,148,2
1585150549.200868,148,2
1585150549.263262,148,2
1585150549.325674,148,2
1585150549.388150,148,2
1585150549.450550,148,2
1585150549.512956,148,2
1585150549.575367,148,2
1585150549.637801,148,2
1585150549.700240,148,2
1585150549.762641,148,2
1585150549.825077,148,2
1585150549.887481,148,2
1585150549.949922,148,2
1585150550.012324,148,2
1585150550.074740,148,2
1585150550.137149,148,2
1585150550.199569,148,2
1585150550.262063,148,2
1585150550.324522,148,2
1585150550.387059,148,2
1585150550.449476,148,2
1585150550.511886,148,2
1585150550.574295,148,2
1585150550.636768,148,2
1585150550.699216,148,2
1585150550.761687,148,2
1585150550.824124,148,2
1585150550.886582,148,2
1585150550.948987,148,2
1585150551.011401,148,2
1585150551.073807,148,2
1585150551.136205,148,2
1585150551.198638,148,2
1585150551.261085,148,2
1585150551.323521,148,2
1585150551.385934,148,2
1585150551.448410,148,2
1585150551.510829,148,2
1585150551.573255,148,2
1585150551.635711,148,2
1585150551.698209,148,2
1585150551.760631,148,2
1585150551.823059,148,2
1585150551.885516,148,2
1585150551.948042,148,2
1585150552.010473,148,2
1585150552.072894,148,2
1585150552.135322,148,2
1585150552.197740,148,2
1585150552.260192,148,2
1585150552.322602,148,2
1585150552.385037,148,2
1585150552.447457,148,2
1585150552.509864,148,2
1585150552.572281,148,2
1585150552.634691,148,2
1585150552.697134,148,2
1585150552.759548,148,2
1585150552.821975,148,2
1585150552.884383,148,2
1585150552.946889,148,2
1585150553.009302,148,2
1585150553.071708,148,2
1585150553.134155,148,2
1585150553.196569,148,2
1585150553.259007,148,2
1585150553.321457,148,2
1585150553.383883,148,2
1585150553.446364,148,2
1585150553.508860,148,2
1585150553.571328,148,2
1585150553.633836,148,2
1585150553.696268,148,2
1585150553.758702,148,2
1585150553.821144,20,2
1585150553.883581,148,2
1585150553.946064,18,2
1585150554.008502,18,2
1585150554.070936,16,2
1585150554.133348,16,2
1585150554.195783,149,2
1585150554.258336,15,2
1585150554.320755,16,3
1585150554.383169,16,3
1585150554.445582,14,3
1585150554.508061,15,3
1585150554.570507,17,3
1585150554.632934,15,3
1585150554.695352,17,3
1585150554.757774,16,3
1585150554.820197,18,3
1585150554.882646,17,3
1585150554.945093,18,3
1585150555.007533,16,3
1585150555.069968,17,3
1585150555.132394,17,3
1585150555.194811,17,3
1585150555.257275,18,3
1585150555.319807,18,3
1585150555.382284,22,3
1585150555.444710,18,3
1585150555.507174,20,3
1585150555.569610,23,3
1585150555.632038,19,3
1585150555.694454,19,3
1585150555.756919,20,3
1585150555.819337,20,3
1585150555.881779,23,3
1585150555.944225,19,3
1585150556.006656,19,3
1585150556.069080,19,3
1585150556.131508,27,3
1585150556.193924,21,3
1585150556.256391,148,3
1585150556.318817,148,3
1585150556.381234,148,3
1585150556.443650,148,3
1585150556.506076,148,3
1585150556.568533,148,3
1585150556.630972,148,3
1585150556.693412,148,3
1585150556.755817,148,3
1585150556.818313,148,3
1585150556.880771,148,3
1585150556.943243,148,3
1585150557.005730,148,3
1585150557.068252,148,3
1585150557.130681,148,3
1585150557.193099,148,3
1585150557.255524,148,3
1585150557.318020,148,3
1585150557.380452,148,3
1585150557.442882,148,3
1585150557.505314,148,3
1585150557.567796,148,3
1585150557.630224,148,3
1585150557.692628,148,3
1585150557.755038,148,3
1585150557.817473,148,3
1585150557.879909,148,3
1585150557.942359,148,3
1585150558.004775,148,3
1585150558.067204,148,3
1585150558.129657,148,3
1585150558.192082,148,3
1585150558.254497,148,3
1585150558.316913,148,3
1585150558.379327,148,3
1585150558.441737,148,3
1585150558.504144,148,3
1585150558.566555,148,3
1585150558.628965,148,3
1585150558.691374,148,3
1585150558.753788,148,3
1585150558.816213,148,3
1585150558.878666,148,3
1585150558.941055,148,3
1585150559.003482,148,3
1585150559.065905,148,3
1585150559.128404,148,3
1585150559.190859,27,3
1585150559.253271,148,3
1585150559.315688,148,3
1585150559.378164,148,3
1585150559.440588,148,3
1585150559.503026,148,3
1585150559.565510,148,3
1585150559.628017,148,3
1585150559.690427,148,3
1585150559.752838,148,3
1585150559.815247,148,3
1585150559.877710,148,3
1585150559.940122,148,3
1585150560.002524,148,3
1585150560.064959,148,3
1585150560.127467,148,3
1585150560.189887,148,3
1585150560.252307,148,3
1585150560.314725,148,3
1585150560.377257,148,3
1585150560.439712,148,3
1585150560.502147,148,3
1585150560.564612,148,3
1585150560.627039,148,3
1585150560.689451,148,3
1585150560.751892,148,3
1585150560.814307,148,3
1585150560.876834,148,3
1585150560.939251,148,3
1585150561.001656,148,3
1585150561.064276,148,3
1585150561.127083,148,3
1585150561.189567,148,3
1585150561.252023,148,3
1585150561.314467,148,3
1585150561.376952,148,3
1585150561.439372,148,3
1585150561.501807,148,3
1585150561.564223,148,3
1585150561.626673,148,3
1585150561.689110,148,3
1585150561.751535,202,3
1585150561.813965,148,3
1585150561.876390,148,3
1585150561.938822,148,3
1585150562.001242,148,3
1585150562.063669,148,3
1585150562.126177,148,3
1585150562.188625,148,3
1585150562.251061,148,3
1585150562.313481,148,3
1585150562.375930,148,3
1585150562.438608,148,3
1585150562.501215,148,3
1585150562.563821,148,3
1585150562.626426,148,3
1585150562.689074,148,3
1585150562.751617,148,3
1585150562.814266,148,3
1585150562.876900,148,3
1585150562.939503,148,3
1585150563.002125,148,3
1585150563.064794,148,3
1585150563.127430,148,3
1585150563.190070,148,3
1585150563.252686,148,3
1585150563.315330,148,3
1585150563.378088,148,3
1585150563.440678,148,3
1585150563.503309,148,3
1585150563.565909,148,3
1585150563.628587,148,3
1585150563.691147,148,3
1585150563.753594,148,3
1585150563.816065,148,3
1585150563.878470,148,3
1585150563.940877,148,3
1585150564.003287,148,3
1585150564.065702,148,3
1585150564.128188,148,3
1585150564.190613,148,3
1585150564.253034,148,3
1585150564.315462,148,3
1585150564.377880,148,3
1585150564.440302,148,3
1585150564.502726,148,3
1585150564.565149,148,3
1585150564.627599,148,3
1585150564.690021,148,3
1585150564.752433,148,3
1585150564.814842,148,3
1585150564.877259,148,3
1585150564.939704,148,3
1585150565.002106,148,3
1585150565.064511,148,3
1585150565.126926,148,3
1585150565.189338,148,3
1585150565.251785,148,3
1585150565.314211,148,3
1585150565.376805,148,3
1585150565.439263,148,3
1585150565.501679,148,3
1585150565.564088,148,3
1585150565.626506,148,3
1585150565.688918,148,3
1585150565.751336,148,3
1585150565.813761,148,3
1585150565.876178,148,3
1585150565.938649,148,3
1585150566.001052,148,3
1585150566.063450,148,3
1585150566.125870,24,3
1585150566.188399,519,3
1585150566.250805,22,3
1585150566.313208,19,3
1585150566.375634,18,3
1585150566.438238,148,3
1585150566.500854,148,3
1585150566.563466,148,3
1585150566.626080,148,3
1585150566.688617,148,3
1585150566.751219,148,3
1585150566.813811,148,3
1585150566.876421,148,3
1585150566.939064,148,3
1585150567.001683,148,3
1585150567.064285,148,3
1585150567.126927,148,3
1585150567.189544,148,3
1585150567.252161,148,3
1585150567.314729,148,3
1585150567.377275,148,3
1585150567.439856,148,3
1585150567.502353,148,3
1585150567.565028,148,3
1585150567.627711,148,3
1585150567.690366,148,3
1585150567.753021,148,3
1585150567.815575,148,3
1585150567.878242,148,3
1585150567.940729,148,3
1585150568.003136,148,3
1585150568.065548,148,3
1585150568.128063,148,3
1585150568.190522,148,3
1585150568.252944,148,3
1585150568.315350,148,3
1585150568.377781,148,3
1585150568.440211,148,3
1585150568.502688,148,3
1585150568.565116,148,3
1585150568.627522,148,3
1585150568.689938,148,3
1585150568.752347,148,3
1585150568.814751,148,3
1585150568.877206,148,3
1585150568.939620,148,3
1585150569.002015,148,3
1585150569.064430,148,3
1585150569.126944,148,3
1585150569.189350,148,3
1585150569.251746,148,3
1585150569.314153,148,3
1585150569.376560,148,3
1585150569.439009,148,3
1585150569.501434,148,3
1585150569.563866,148,3
1585150569.626287,148,3
1585150569.688691,148,3
1585150569.751143,148,3
1585150569.813558,148,3
1585150569.876043,148,3
1585150569.938470,148,3
1585150570.000887,148,3
1585150570.063334,148,3
1585150570.125752,148,3
1585150570.188257,148,3
1585150570.250649,148,3
1585150570.313073,148,3
1585150570.375597,148,3
1585150570.438131,148,3
1585150570.500563,148,3
1585150570.562991,148,3
1585150570.625419,148,3
1585150570.687841,148,3
1585150570.750247,148,3
1585150570.812699,148,3
1585150570.875111,148,3
1585150570.937528,148,3
1585150570.999942,148,3
1585150571.062530,148,3
1585150571.125157,148,3
1585150571.187818,148,3
1585150571.250377,148,3
1585150571.312981,148,3
1585150571.375581,148,3
1585150571.438356,148,3
1585150571.500925,148,3
1585150571.563542,148,3
1585150571.626198,148,3
1585150571.688749,202,3
1585150571.751369,148,3
1585150571.814005,148,3
1585150571.876644,148,3
1585150571.939271,148,3
1585150572.001901,148,3
1585150572.064577,148,3
1585150572.127120,148,3
1585150572.189534,148,3
1585150572.251940,148,3
1585150572.314353,148,3
1585150572.376867,148,3
1585150572.439288,148,3
1585150572.501711,148,3
1585150572.564132,148,3
1585150572.626564,148,3
1585150572.689008,148,3
1585150572.751420,148,3
1585150572.813833,148,3
1585150572.876238,148,3
1585150572.938653,148,3
1585150573.001101,148,3
1585150573.063515,148,3
1585150573.125921,148,3
1585150573.188425,148,3
1585150573.250838,148,3
1585150573.313261,148,3
1585150573.375678,148,3
1585150573.438211,148,3
1585150573.500704,148,3
1585150573.563155,148,3
1585150573.625584,148,3
1585150573.688082,148,3
1585150573.750538,148,3
1585150573.812967,148,3
1585150573.875394,148,3
1585150573.937863,148,3
1585150574.000291,148,3
1585150574.062711,148,3
1585150574.125144,148,3
1585150574.187652,148,3
1585150574.250229,148,3
1585150574.312813,148,3
1585150574.375412,148,3
1585150574.438093,148,3
1585150574.500695,148,3
1585150574.563324,148,3
1585150574.625930,148,3
1585150574.688619,148,3
1585150574.751284,148,3
1585150574.813932,148,3
1585150574.876569,148,3
1585150574.939186,148,3
1585150575.001855,148,3
1585150575.064492,148,3
1585150575.127146,148,3
1585150575.189756,148,3
1585150575.252364,148,3
1585150575.314973,148,3
1585150575.377528,148,3
1585150575.440169,148,3
1585150575.502805,148,3
1585150575.565418,148,3
1585150575.628107,148,3
1585150575.690722,148,3
1585150575.753281,148,3
1585150575.816065,148,3
1585150575.878655,148,3
1585150575.941283,148,3
1585150576.003897,148,3
1585150576.066512,148,3
1585150576.129077,148,3
1585150576.191577,148,3
1585150576.254028,148,3
1585150576.316477,148,3
1585150576.378887,148,3
1585150576.441290,148,3
1585150576.503703,148,3
1585150576.566113,148,3
1585150576.628567,148,3
1585150576.690981,148,3
1585150576.753404,148,3
1585150576.815828,148,3
1585150576.878375,148,3
1585150576.940826,148,3
1585150577.003233,148,3
1585150577.065631,148,3
1585150577.128110,148,3
1585150577.190541,148,3
1585150577.252940,148,3
1585150577.315362,148,3
1585150577.377770,148,3
1585150577.440170,148,3
1585150577.502581,148,3
1585150577.564996,148,3
1585150577.627402,148,3
1585150577.689851,148,3
1585150577.752252,148,3
1585150577.814659,148,3
1585150577.877106,148,3
1585150577.939524,148,3
1585150578.001970,148,3
1585150578.064375,148,3
1585150578.126862,148,3
1585150578.189393,148,3
1585150578.251821,148,3
1585150578.314267,148,3
1585150578.376744,148,3
1585150578.439159,148,3
1585150578.501560,148,3
1585150578.563965,148,3
1585150578.626401,148,3
1585150578.688810,148,3
1585150578.751220,148,3
1585150578.813638,148,3
1585150578.876054,148,3
1585150578.938519,148,3
1585150579.000944,148,3
1585150579.063349,148,3
1585150579.125749,148,3
1585150579.188254,148,3
1585150579.250698,148,3
1585150579.313104,148,3
1585150579.375513,148,3
1585150579.437930,148,3
1585150579.500327,148,3
1585150579.562734,148,3
1585150579.625144,148,3
1585150579.687555,148,3
1585150579.749960,148,3
1585150579.812370,148,3
1585150579.874800,148,3
1585150579.937239,148,3
1585150579.999698,148,3
1585150580.062105,148,3
1585150580.124521,148,3
1585150580.186935,148,3
1585150580.249384,148,3
1585150580.311921,148,3
1585150580.374499,148,3
1585150580.437162,148,3
1585150580.499780,148,3
1585150580.562307,148,3
1585150580.624931,148,3
1585150580.687563,148,3
1585150580.750162,148,3
1585150580.812759,148,3
1585150580.875380,148,3
1585150580.938094,148,3
1585150581.000777,148,3
1585150581.063388,148,3
1585150581.126067,148,3
1585150581.188687,148,3
1585150581.251306,149,3
1585150581.313895,148,3
1585150581.376514,148,3
1585150581.439126,148,3
1585150581.501748,148,3
1585150581.564367,149,3
1585150581.627041,148,3
1585150581.689650,148,3
1585150581.752285,148,3
1585150581.814929,148,3
1585150581.877549,20,3
1585150581.940201,150,3
1585150582.002790,22,3
1585150582.065433,161,3
1585150582.128039,18,3
1585150582.190678,16,3
1585150582.253230,17,3
1585150582.315838,161,3
1585150582.378491,21,3
1585150582.441075,18,3
1585150582.503785,14,4
1585150582.566284,14,4
1585150582.628701,18,4
1585150582.691113,20,4
1585150582.753529,20,4
1585150582.816009,22,4
1585150582.878422,18,4
1585150582.940839,13,4
1585150583.003262,15,4
1585150583.065686,16,4
1585150583.128285,17,4
1585150583.190737,15,4
1585150583.253136,13,4
1585150583.315539,13,4
1585150583.378036,15,4
1585150583.440488,17,4
1585150583.502886,18,4
1585150583.565289,17,4
1585150583.627706,14,4
1585150583.690112,16,4
1585150583.752521,22,4
1585150583.814941,21,4
1585150583.877363,22,4
1585150583.939774,19,4
1585150584.002191,22,4
1585150584.064606,148,4
1585150584.127062,23,4
1585150584.189486,24,4
1585150584.251894,28,4
1585150584.314297,25,4
1585150584.376830,20,4
1585150584.439264,24,4
1585150584.501696,148,4
1585150584.564113,148,4
1585150584.626536,25,4
1585150584.688996,148,4
1585150584.751408,148,4
1585150584.813809,148,4
1585150584.876215,148,4
1585150584.938627,148,4
1585150585.001079,148,4
1585150585.063517,148,4
1585150585.126057,148,4
1585150585.188483,148,4
1585150585.250893,148,4
1585150585.313315,148,4
1585150585.375856,148,4
1585150585.438420,148,4
1585150585.500843,148,4
1585150585.563253,148,4
1585150585.625700,24,4
1585150585.688209,148,4
1585150585.750614,23,4
1585150585.813032,148,4
1585150585.875455,24,4
1585150585.937880,148,4
1585150586.000289,148,4
1585150586.062766,148,4
1585150586.125357,148,4
1585150586.188084,148,4
1585150586.250696,148,4
1585150586.313316,148,4
1585150586.375924,148,4
1585150586.438574,148,4
1585150586.501164,148,4
1585150586.563808,148,4
1585150586.626465,148,4
1585150586.689006,148,4
1585150586.751611,148,4
1585150586.814157,148,4
1585150586.876792,148,4
1585150586.939403,148,4
1585150587.002013,148,4
1585150587.064624,148,4
1585150587.127293,148,4
1585150587.189923,148,4
1585150587.252551,148,4
1585150587.315158,148,4
1585150587.377798,148,4
1585150587.440319,148,4
1585150587.502724,148,4
1585150587.565201,148,4
1585150587.627671,148,4
1585150587.690087,148,4
1585150587.752532,148,4
1585150587.814961,148,4
1585150587.877376,148,4
1585150587.939784,148,4
1585150588.002191,148,4
1585150588.064634,148,4
1585150588.127068,148,4
1585150588.189489,148,4
1585150588.251914,148,4
1585150588.314333,148,4
1585150588.376848,148,4
1585150588.439260,148,4
1585150588.501664,148,4
1585150588.564075,148,4
1585150588.626519,148,4
1585150588.689003,148,4
1585150588.751408,148,4
1585150588.813813,148,4
1585150588.876223,148,4
1585150588.938634,148,4
1585150589.001083,148,4
1585150589.063503,148,4
1585150589.125902,148,4
1585150589.188390,148,4
1585150589.250837,148,4
1585150589.313325,148,4
1585150589.375778,148,4
1585150589.438282,148,4
1585150589.500684,148,4
1585150589.563097,148,4
1585150589.625546,148,4
1585150589.688025,148,4
1585150589.750435,148,4
1585150589.812843,148,4
1585150589.875260,148,4
1585150589.937718,148,4
1585150590.000130,148,4
1585150590.062533,148,4
1585150590.124943,148,4
1585150590.187348,148,4
1585150590.249800,148,4
1585150590.312226,148,4
1585150590.374742,148,4
1585150590.437243,148,4
1585150590.499785,148,4
1585150590.562415,148,4
1585150590.624950,148,4
1585150590.687572,148,4
1585150590.750155,148,4
1585150590.812785,148,4
1585150590.875439,148,4
1585150590.938037,148,4
1585150591.000645,148,4
1585150591.063265,148,4
1585150591.125857,148,4
1585150591.188523,148,4
1585150591.251118,148,4
1585150591.313725,148,4
1585150591.376394,148,4
1585150591.439147,148,4
1585150591.502098,148,4
1585150591.564565,148,4
1585150591.627032,148,4
1585150591.689429,148,4
1585150591.751795,148,4
1585150591.814157,148,4
1585150591.876513,148,4
1585150591.939178,148,4
1585150592.001745,148,4
1585150592.064346,148,4
1585150592.126943,148,4
1585150592.189539,148,4
1585150592.252196,148,4
1585150592.314775,148,4
1585150592.377268,148,4
1585150592.439723,148,4
1585150592.502168,148,4
1585150592.564586,148,4
1585150592.627102,148,4
1585150592.689515,148,4
1585150592.751929,28,4
1585150592.814346,27,4
1585150592.876825,148,4
1585150592.939267,148,4
1585150593.001676,148,4
1585150593.064097,24,4
1585150593.126507,21,4
1585150593.188943,21,4
1585150593.251339,19,4
1585150593.313955,148,4
1585150593.376581,148,4
1585150593.439225,148,4
1585150593.501893,148,4
1585150593.564382,148,4
1585150593.626870,148,4
1585150593.689295,148,4
1585150593.751934,148,4
1585150593.814428,148,4
1585150593.876906,148,4
1585150593.939359,148,4
1585150594.001777,148,4
1585150594.064182,148,4
1585150594.126587,148,4
1585150594.189082,148,4
1585150594.251498,148,4
1585150594.313922,148,4
1585150594.376336,148,4
1585150594.438798,148,4
1585150594.501234,148,4
1585150594.563647,148,4
1585150594.626057,148,4
1585150594.688453,148,4
1585150594.750850,148,4
1585150594.813256,148,4
1585150594.875713,148,4
1585150594.938265,148,4
1585150595.000682,148,4
1585150595.063073,148,4
1585150595.125480,148,4
1585150595.187940,148,4
1585150595.250346,148,4
1585150595.312750,148,4
1585150595.375255,148,4
1585150595.437725,148,4
1585150595.500204,148,4
1585150595.562635,148,4
1585150595.625044,148,4
1585150595.687454,148,4
1585150595.749853,148,4
1585150595.812260,148,4
1585150595.874657,148,4
1585150595.937114,148,4
1585150595.999633,148,4
1585150596.062209,148,4
1585150596.124820,148,4
1585150596.187438,148,4
1585150596.250064,148,4
1585150596.312642,148,4
1585150596.375232,148,4
1585150596.437830,148,4
1585150596.500413,148,4
1585150596.563040,148,4
1585150596.625620,148,4
1585150596.688260,148,4
1585150596.750833,148,4
1585150596.813473,148,4
1585150596.876113,148,4
1585150596.938713,148,4
1585150597.001215,148,4
1585150597.063828,148,4
1585150597.126399,148,4
1585150597.189020,148,4
1585150597.251597,148,4
1585150597.314071,148,4
1585150597.376462,148,4
1585150597.438867,148,4
1585150597.501312,148,4
1585150597.563736,148,4
1585150597.626161,148,4
1585150597.688571,148,4
1585150597.750974,148,4
1585150597.813366,148,4
1585150597.875768,148,4
1585150597.938258,148,4
1585150598.000649,148,4
1585150598.063042,148,4
1585150598.125454,148,4
1585150598.187868,148,4
1585150598.250274,148,4
1585150598.312661,148,4
1585150598.375067,148,4
1585150598.437494,148,4
1585150598.499893,148,4
1585150598.562327,148,4
1585150598.624747,148,4
1585150598.687151,148,4
1585150598.749668,148,4
1585150598.812070,148,4
1585150598.874466,148,4
1585150598.936933,148,4
1585150598.999354,148,4
1585150599.061788,148,4
1585150599.124203,148,4
1585150599.186604,148,4
1585150599.249006,148,4
1585150599.311410,148,4
1585150599.373816,148,4
1585150599.436216,148,4
1585150599.498616,148,4
1585150599.561028,148,4
1585150599.623445,148,4
1585150599.685864,148,4
1585150599.748348,148,4
1585150599.810758,148,4
1585150599.873155,148,4
1585150599.935551,148,4
1585150599.998023,148,4
1585150600.060426,148,4
1585150600.122827,148,4
1585150600.185210,148,4
1585150600.247646,148,4
1585150600.310157,148,4
1585150600.372710,148,4
1585150600.435496,148,4
1585150600.498303,148,4
1585150600.560751,148,4
1585150600.623361,148,4
1585150600.686049,148,4
1585150600.748681,148,4
1585150600.811282,148,4
1585150600.873858,148,4
1585150600.936417,148,4
1585150600.999101,148,4
1585150601.061745,148,4
1585150601.124391,148,4
1585150601.186928,148,4
1585150601.249498,148,4
1585150601.312137,148,4
1585150601.374711,148,4
1585150601.437280,148,4
1585150601.499853,148,4
1585150601.562426,148,4
1585150601.624964,148,4
1585150601.687581,148,4
1585150601.750183,148,4
1585150601.812673,148,4
1585150601.875092,148,4
1585150601.937527,148,4
1585150601.999925,148,4
1585150602.062357,148,4
1585150602.124764,148,4
1585150602.187158,148,4
1585150602.249551,148,4
1585150602.311949,148,4
1585150602.374353,148,4
1585150602.436813,148,4
1585150602.499215,148,4
1585150602.561618,148,4
1585150602.624018,148,4
1585150602.686421,148,4
1585150602.748833,148,4
1585150602.811244,148,4
1585150602.873650,148,4
1585150602.936060,148,4
1585150602.998468,148,4
1585150603.060867,148,4
1585150603.123256,148,4
1585150603.185674,148,4
1585150603.248189,148,4
1585150603.310621,148,4
1585150603.373024,148,4
1585150603.435419,148,4
1585150603.497815,148,4
1585150603.560228,148,4
1585150603.622664,148,4
1585150603.685067,148,4
1585150603.747487,148,4
1585150603.809918,148,4
1585150603.872338,148,4
1585150603.934855,148,4
1585150603.997312,148,4
1585150604.059714,148,4
1585150604.122115,148,4
1585150604.184518,148,4
1585150604.246960,148,4
1585150604.309361,148,4
1585150604.371788,148,4
1585150604.434179,148,4
1585150604.496587,148,4
1585150604.559029,148,4
1585150604.621432,148,4
1585150604.683817,148,4
1585150604.746214,148,4
1585150604.808630,148,4
1585150604.871050,148,4
1585150604.933469,148,4
1585150604.995940,148,4
1585150605.058443,148,4
1585150605.120885,148,4
1585150605.183399,148,4
1585150605.246037,148,4
1585150605.308624,148,4
1585150605.371174,148,4
1585150605.433880,148,4
1585150605.496416,148,4
1585150605.558998,148,4
1585150605.621574,148,4
1585150605.684139,148,4
1585150605.746813,148,4
1585150605.809394,148,4
1585150605.872093,148,4
1585150605.934586,148,4
1585150605.997225,148,4
1585150606.059843,148,4
1585150606.122412,148,4
1585150606.184937,148,4
1585150606.247501,148,4
1585150606.310070,148,4
1585150606.372671,148,4
1585150606.435232,148,4
1585150606.497830,148,4
1585150606.560410,16,4
1585150606.622988,148,4
1585150606.685553,148,4
1585150606.748199,23,4
1585150606.810805,23,4
1585150606.873370,26,4
1585150606.936027,148,4
1585150606.998589,30,4
1585150607.061178,27,4
1585150607.123850,31,5
1585150607.186434,27,5
1585150607.248970,27,5
1585150607.311557,28,5
1585150607.374104,161,5
1585150607.436885,28,5
1585150607.499462,29,5
1585150607.562067,24,5
1585150607.624793,20,5
1585150607.687404,16,5
1585150607.750033,16,5
1585150607.812518,17,5
1585150607.874986,519,5
1585150607.937441,10,5
1585150607.999879,12,5
1585150608.062339,18,5
1585150608.124755,29,5
1585150608.187164,24,5
1585150608.249575,28,5
1585150608.311976,29,5
1585150608.374404,30,5
1585150608.436905,29,5
1585150608.499330,33,5
1585150608.561745,31,5
1585150608.624143,148,5
1585150608.686547,30,5
1585150608.748945,148,5
1585150608.811351,148,5
1585150608.873747,148,5
1585150608.936174,148,5
1585150608.998585,148,5
1585150609.061002,148,5
1585150609.123415,148,5
1585150609.185825,148,5
1585150609.248323,148,5
1585150609.310720,148,5
1585150609.373108,148,5
1585150609.435522,148,5
1585150609.498055,148,5
1585150609.560529,148,5
1585150609.622939,148,5
1585150609.685347,148,5
1585150609.747756,148,5
1585150609.810154,148,5
1585150609.872563,31,5
1585150609.934968,29,5
1585150609.997379,29,5
1585150610.059806,148,5
1585150610.122234,148,5
1585150610.184640,148,5
1585150610.247058,148,5
1585150610.309515,148,5
1585150610.372023,148,5
1585150610.434464,148,5
1585150610.496932,148,5
1585150610.559345,148,5
1585150610.621792,148,5
1585150610.684192,148,5
1585150610.746585,148,5
1585150610.808990,148,5
1585150610.871392,148,5
1585150610.933789,148,5
1585150610.996182,148,5
1585150611.058599,148,5
1585150611.121012,148,5
1585150611.183432,148,5
1585150611.245891,148,5
1585150611.308453,148,5
1585150611.370882,148,5
1585150611.433286,148,5
1585150611.495718,148,5
1585150611.558280,148,5
1585150611.620740,148,5
1585150611.683257,148,5
1585150611.745856,148,5
1585150611.808469,148,5
1585150611.871117,148,5
1585150611.933683,148,5
1585150611.996274,148,5
1585150612.058857,148,5
1585150612.121483,148,5
1585150612.184111,148,5
1585150612.246752,148,5
1585150612.309330,148,5
1585150612.371909,148,5
1585150612.434491,148,5
1585150612.497075,148,5
1585150612.559655,148,5
1585150612.622243,148,5
1585150612.684819,148,5
1585150612.747418,148,5
1585150612.810026,148,5
1585150612.872605,148,5
1585150612.935308,148,5
1585150612.998066,148,5
1585150613.060679,148,5
1585150613.123256,148,5
1585150613.185873,148,5
1585150613.248558,148,5
1585150613.311130,148,5
1585150613.373698,148,5
1585150613.436319,148,5
1585150613.498925,148,5
1585150613.561645,148,5
1585150613.624337,148,5
1585150613.687026,148,5
1585150613.749654,148,5
1585150613.812274,148,5
1585150613.874939,148,5
1585150613.937572,148,5
1585150614.000210,148,5
1585150614.062859,148,5
1585150614.125464,148,5
1585150614.188284,148,5
1585150614.250926,148,5
1585150614.313582,148,5
1585150614.376278,148,5
1585150614.438930,148,5
1585150614.501548,148,5
1585150614.564148,148,5
1585150614.626796,148,5
1585150614.689456,148,5
1585150614.752028,148,5
1585150614.814626,148,5
1585150614.877194,148,5
1585150614.939759,148,5
1585150615.002225,148,5
1585150615.064640,148,5
1585150615.127108,148,5
1585150615.189520,148,5
1585150615.251927,148,5
1585150615.314356,148,5
1585150615.376965,148,5
1585150615.439423,148,5
1585150615.501831,148,5
1585150615.564251,148,5
1585150615.626663,148,5
1585150615.689092,148,5
1585150615.751508,148,5
1585150615.813917,148,5
1585150615.876324,148,5
1585150615.938732,148,5
1585150616.001135,148,5
1585150616.063536,148,5
1585150616.125939,148,5
1585150616.188455,148,5
1585150616.250875,148,5
1585150616.313286,148,5
1585150616.375747,148,5
1585150616.438227,148,5
1585150616.500628,148,5
1585150616.563028,148,5
1585150616.625421,148,5
1585150616.687859,148,5
1585150616.750265,148,5
1585150616.812663,148,5
1585150616.875055,148,5
1585150616.937541,148,5
1585150617.000060,148,5
1585150617.062502,148,5
1585150617.124974,148,5
1585150617.187403,148,5
1585150617.249807,148,5
1585150617.312220,148,5
1585150617.374644,148,5
1585150617.437084,148,5
1585150617.499507,148,5
1585150617.561910,148,5
1585150617.624307,148,5
1585150617.686757,148,5
1585150617.749178,148,5
1585150617.811606,148,5
1585150617.874057,148,5
1585150617.936452,148,5
1585150617.998850,148,5
1585150618.061244,148,5
1585150618.123662,148,5
1585150618.186105,148,5
1585150618.248499,148,5
1585150618.310921,148,5
1585150618.373341,148,5
1585150618.435762,148,5
1585150618.498368,148,5
1585150618.560774,148,5
1585150618.623171,24,5
1585150618.685564,148,5
1585150618.748042,148,5
1585150618.810491,148,5
1585150618.872890,148,5
1585150618.935297,22,5
1585150618.997690,150,5
1585150619.060103,17,5
1585150619.122539,15,5
1585150619.185073,164,5
1585150619.247678,10,5
1585150619.310250,11,5
1585150619.372833,17,5
1585150619.435409,17,6
1585150619.498109,16,6
1585150619.560700,18,6
1585150619.623279,16,6
1585150619.685848,13,6
1585150619.748511,10,6
1585150619.811094,12,6
1585150619.873596,14,6
1585150619.936201,16,6
1585150619.998796,19,6
1585150620.061386,18,6
1585150620.124029,148,6
1585150620.186599,148,6
1585150620.249197,148,6
1585150620.311796,148,6
1585150620.374345,148,6
1585150620.437064,148,6
1585150620.499692,148,6
1585150620.562281,148,6
1585150620.624819,148,6
1585150620.687472,148,6
1585150620.750045,148,6
1585150620.812615,148,6
1585150620.875184,148,6
1585150620.937773,148,6
1585150621.000375,148,6
1585150621.062917,148,6
1585150621.125514,148,6
1585150621.188134,148,6
1585150621.250728,148,6
1585150621.313217,148,6
1585150621.375631,148,6
1585150621.438117,148,6
1585150621.500522,148,6
1585150621.562954,148,6
1585150621.625357,148,6
1585150621.687823,148,6
1585150621.750223,148,6
1585150621.812625,148,6
1585150621.875031,148,6
1585150621.937504,148,6
1585150621.999928,148,6
1585150622.062345,148,6
1585150622.124747,148,6
1585150622.187147,148,6
1585150622.249620,148,6
1585150622.312038,148,6
1585150622.374429,148,6
1585150622.436899,148,6
1585150622.499331,148,6
1585150622.561798,148,6
1585150622.624213,148,6
1585150622.686619,148,6
1585150622.749009,148,6
1585150622.811403,148,6
1585150622.873860,148,6
1585150622.936268,148,6
1585150622.998676,148,6
1585150623.061104,148,6
1585150623.123509,148,6
1585150623.185900,148,6
1585150623.248396,148,6
1585150623.310794,148,6
1585150623.373198,148,6
1585150623.435599,148,6
1585150623.498119,148,6
1585150623.560533,148,6
1585150623.622946,148,6
1585150623.685362,148,6
1585150623.747901,148,6
1585150623.810623,148,6
1585150623.873144,148,6
1585150623.935589,148,6
1585150623.998100,148,6
1585150624.060521,148,6
1585150624.122933,148,6
1585150624.185352,148,6
1585150624.247768,148,6
1585150624.310174,148,6
1585150624.372574,148,6
1585150624.434979,148,6
1585150624.497389,148,6
1585150624.559870,148,6
1585150624.622306,148,6
1585150624.684751,148,6
1585150624.747198,148,6
1585150624.809640,148,6
1585150624.872084,148,6
1585150624.934496,148,6
1585150624.997099,148,6
1585150625.059737,148,6
1585150625.122304,255,6
1585150625.184833,148,6
1585150625.247415,148,6
1585150625.309991,148,6
1585150625.372536,148,6
1585150625.435281,148,6
1585150625.497854,148,6
1585150625.560364,148,6
1585150625.622765,148,6
1585150625.685178,148,6
1585150625.747612,148,6
1585150625.810084,148,6
1585150625.872484,148,6
1585150625.934878,148,6
1585150625.997283,148,6
1585150626.059702,148,6
1585150626.122150,148,6
1585150626.184572,148,6
1585150626.247035,148,6
1585150626.309442,148,6
1585150626.371843,148,6
1585150626.434210,148,6
1585150626.496585,148,6
1585150626.558955,148,6
1585150626.621333,148,6
1585150626.683720,148,6
1585150626.746098,148,6
1585150626.808463,148,6
1585150626.871160,148,6
1585150626.933721,148,6
1585150626.996309,148,6
1585150627.058922,148,6
1585150627.121520,148,6
1585150627.184119,148,6
1585150627.246772,148,6
1585150627.309374,148,6
1585150627.371941,148,6
1585150627.434598,148,6
1585150627.497184,148,6
1585150627.559813,148,6
1585150627.622443,148,6
1585150627.684936,148,6
1585150627.747374,148,6
1585150627.809849,148,6
1585150627.872297,148,6
1585150627.934730,148,6
1585150627.997202,148,6
1585150628.059608,148,6
1585150628.122043,148,6
1585150628.184493,148,6
1585150628.246901,148,6
1585150628.309322,148,6
1585150628.371735,148,6
1585150628.434167,148,6
1585150628.496655,148,6
1585150628.559079,148,6
1585150628.621491,148,6
1585150628.683901,148,6
1585150628.746314,148,6
1585150628.808780,148,6
1585150628.871214,148,6
1585150628.933629,148,6
1585150628.996041,148,6
1585150629.058438,148,6
1585150629.120881,148,6
1585150629.183290,148,6
1585150629.245692,148,6
1585150629.308176,148,6
1585150629.370601,148,6
1585150629.433046,148,6
1585150629.495453,148,6
1585150629.557857,148,6
1585150629.620266,148,6
1585150629.682658,148,6
1585150629.745048,148,6
1585150629.807491,148,6
1585150629.869911,148,6
1585150629.932328,148,6
1585150629.994731,148,6
1585150630.057141,148,6
1585150630.119548,148,6
1585150630.181953,148,6
1585150630.244365,148,6
1585150630.306863,148,6
1585150630.369386,148,6
1585150630.431846,148,6
1585150630.494261,148,6
1585150630.556674,148,6
1585150630.619086,148,6
1585150630.681493,148,6
1585150630.743889,148,6
1585150630.806352,148,6
1585150630.868780,148,6
1585150630.931204,148,6
1585150630.993601,148,6
1585150631.056088,148,6
1585150631.118539,148,6
1585150631.180933,148,6
1585150631.243384,148,6
1585150631.305794,148,6
1585150631.368277,149,6
1585150631.430676,161,6
1585150631.493083,27,6
1585150631.555570,21,6
1585150631.618150,17,6
1585150631.680696,21,6
1585150631.743302,18,7
1585150631.805871,16,7
1585150631.868552,17,7
1585150631.931153,17,7
1585150631.993759,18,7
1585150632.056345,18,7
1585150632.118952,26,7
1585150632.181587,20,7
1585150632.244175,21,7
1585150632.306833,18,7
1585150632.369423,16,7
1585150632.431999,14,7
1585150632.494568,12,7
1585150632.557146,13,7
1585150632.619715,13,7
1585150632.682284,14,7
1585150632.744815,14,7
1585150632.807297,7,7
1585150632.869710,17,7
1585150632.932185,164,7
1585150632.994617,26,7
1585150633.057030,27,7
1585150633.119434,28,7
1585150633.181831,148,7
1585150633.244234,26,7
1585150633.306672,25,7
1585150633.369064,148,7
1585150633.431485,25,7
1585150633.493901,25,7
1585150633.556326,25,7
1585150633.618737,148,7
1585150633.681179,148,7
1585150633.743648,25,7
1585150633.806102,28,7
1585150633.868532,31,7
1585150633.930942,148,7
1585150633.993364,148,7
1585150634.055796,148,7
1585150634.118357,148,7
1585150634.180788,148,7
1585150634.243230,148,7
1585150634.305648,148,7
1585150634.368151,148,7
1585150634.430626,148,7
1585150634.493054,148,7
1585150634.555492,148,7
1585150634.617903,148,7
1585150634.680312,148,7
1585150634.742758,148,7
1585150634.805156,148,7
1585150634.867562,148,7
1585150634.929977,148,7
1585150634.992409,148,7
1585150635.054862,148,7
1585150635.117335,148,7
1585150635.179750,148,7
1585150635.242156,148,7
1585150635.304667,148,7
1585150635.367232,148,7
1585150635.429785,148,7
1585150635.492476,148,7
1585150635.555055,148,7
1585150635.617650,148,7
1585150635.680225,148,7
1585150635.742804,148,7
1585150635.805353,148,7
1585150635.867791,148,7
1585150635.930401,148,7
1585150635.992960,148,7
1585150636.055558,148,7
1585150636.118312,148,7
1585150636.180935,148,7
1585150636.243512,148,7
1585150636.306092,148,7
1585150636.368637,148,7
1585150636.431225,148,7
1585150636.493725,148,7
1585150636.556198,148,7
1585150636.618614,148,7
1585150636.681022,148,7
1585150636.743425,148,7
1585150636.805816,148,7
1585150636.868324,148,7
1585150636.930732,148,7
1585150636.993142,148,7
1585150637.055553,148,7
1585150637.118036,148,7
1585150637.180504,148,7
1585150637.242908,148,7
1585150637.305328,148,7
1585150637.367727,148,7
1585150637.430131,148,7
1585150637.492518,148,7
1585150637.554922,148,7
1585150637.617317,148,7
1585150637.679742,148,7
1585150637.742159,148,7
1585150637.804580,148,7
1585150637.867034,148,7
1585150637.929474,148,7
1585150637.991881,148,7
1585150638.054283,148,7
1585150638.116674,148,7
1585150638.179089,148,7
1585150638.241511,148,7
1585150638.303951,148,7
1585150638.366397,148,7
1585150638.428808,148,7
1585150638.491214,148,7
1585150638.553629,148,7
1585150638.616060,148,7
1585150638.678503,148,7
1585150638.740905,148,7
1585150638.803304,148,7
1585150638.865704,148,7
1585150638.928243,148,7
1585150638.990643,148,7
1585150639.053047,148,7
1585150639.115498,148,7
1585150639.177938,148,7
1585150639.240365,148,7
1585150639.302779,148,7
1585150639.365219,148,7
1585150639.427736,148,7
1585150639.490306,148,7
1585150639.552836,148,7
1585150639.615483,148,7
1585150639.678259,148,7
1585150639.740889,148,7
1585150639.803451,148,7
1585150639.866067,148,7
1585150639.928614,148,7
1585150639.991176,148,7
1585150640.053766,148,7
1585150640.116341,148,7
1585150640.178911,148,7
1585150640.241482,148,7
1585150640.304092,148,7
1585150640.366677,148,7
1585150640.429273,148,7
1585150640.491910,148,7
1585150640.554544,148,7
1585150640.617144,148,7
1585150640.679790,148,7
1585150640.742374,148,7
1585150640.804857,148,7
1585150640.867438,148,7
1585150640.929856,148,7
1585150640.992261,148,7
1585150641.054662,148,7
1585150641.117111,148,7
1585150641.179539,148,7
1585150641.241958,148,7
1585150641.304370,148,7
1585150641.366853,148,7
1585150641.429304,148,7
1585150641.491767,148,7
1585150641.554225,148,7
1585150641.616643,148,7
1585150641.679097,148,7
1585150641.741524,148,7
1585150641.803927,148,7
1585150641.866341,148,7
1585150641.928735,148,7
1585150641.991141,148,7
1585150642.053578,148,7
1585150642.116071,148,7
1585150642.178483,148,7
1585150642.240896,148,7
1585150642.303308,148,7
1585150642.365748,148,7
1585150642.428269,148,7
1585150642.490689,148,7
1585150642.553090,148,7
1585150642.615572,148,7
1585150642.678301,148,7
1585150642.740999,148,7
1585150642.803677,148,7
1585150642.866309,148,7
1585150642.928837,148,7
1585150642.991575,148,7
1585150643.054200,148,7
1585150643.116847,148,7
1585150643.179520,148,7
1585150643.242198,148,7
1585150643.304799,148,7
1585150643.367429,148,7
1585150643.430047,148,7
1585150643.492599,148,7
1585150643.555262,148,7
1585150643.618183,148,7
1585150643.680786,148,7
1585150643.743455,148,7
1585150643.806086,148,7
1585150643.868738,148,7
1585150643.931335,148,7
1585150643.993914,148,7
1585150644.056498,148,7
1585150644.119113,148,7
1585150644.181746,148,7
1585150644.244363,148,7
1585150644.306946,148,7
1585150644.369537,148,7
1585150644.432266,148,7
1585150644.494864,148,7
1585150644.557476,148,7
1585150644.620063,148,7
1585150644.682644,148,7
1585150644.745225,148,7
1585150644.807885,148,7
1585150644.870513,148,7
1585150644.933107,148,7
1585150644.995678,148,7
1585150645.058346,148,7
1585150645.120935,148,7
1585150645.183517,148,7
1585150645.246096,148,7
1585150645.308679,148,7
1585150645.371243,148,7
1585150645.433795,148,7
1585150645.496277,148,7
1585150645.558711,148,7
1585150645.621188,148,7
1585150645.683636,148,7
1585150645.746082,148,7
1585150645.808547,148,7
1585150645.870981,148,7
1585150645.933391,148,7
1585150645.995820,148,7
1585150646.058353,148,7
1585150646.120812,148,7
1585150646.183234,148,7
1585150646.245657,148,7
1585150646.308144,148,7
1585150646.370562,148,7
1585150646.432982,148,7
1585150646.495402,148,7
1585150646.557882,148,7
1585150646.620349,148,7
1585150646.682762,148,7
1585150646.745159,148,7
1585150646.807647,148,7
1585150646.870116,148,7
1585150646.932517,148,7
1585150646.994912,148,7
1585150647.057321,148,7
1585150647.119729,148,7
1585150647.182121,148,7
1585150647.244531,148,7
1585150647.306930,148,7
1585150647.369338,148,7
1585150647.431742,148,7
1585150647.494158,148,7
1585150647.556579,148,7
1585150647.619036,148,7
1585150647.681455,148,7
1585150647.743863,148,7
1585150647.806337,148,7
1585150647.868796,148,7
1585150647.931221,148,7
1585150647.993632,148,7
1585150648.056062,148,7
1585150648.118515,148,7
1585150648.180931,148,7
1585150648.243322,148,7
1585150648.305757,148,7
1585150648.368339,148,7
1585150648.430762,148,7
1585150648.493175,148,7
1585150648.555599,148,7
1585150648.618113,148,7
1585150648.680519,148,7
1585150648.742928,148,7
1585150648.805326,148,7
1585150648.867841,148,7
1585150648.930351,148,7
1585150648.992899,148,7
1585150649.055527,148,7
1585150649.118156,148,7
1585150649.180600,148,7
1585150649.243002,148,7
1585150649.305411,148,7
1585150649.367822,148,7
1585150649.430213,148,7
1585150649.492666,148,7
1585150649.555104,148,7
1585150649.617532,148,7
1585150649.679926,148,7
1585150649.742325,148,7
1585150649.804729,148,7
1585150649.867176,148,7
1585150649.929569,148,7
1585150649.991966,148,7
1585150650.054359,148,7
1585150650.116862,148,7
1585150650.179257,148,7
1585150650.241660,148,7
1585150650.304088,148,7
1585150650.366509,148,7
1585150650.429019,148,7
1585150650.491473,148,7
1585150650.553923,148,7
1585150650.616390,148,7
1585150650.678822,148,7
1585150650.741216,148,7
1585150650.803611,148,7
1585150650.866066,148,7
1585150650.928507,148,7
1585150650.990920,148,7
1585150651.053359,148,7
1585150651.115764,148,7
1585150651.178291,148,7
1585150651.240696,148,7
1585150651.303092,148,7
1585150651.365530,148,7
1585150651.428183,148,7
1585150651.490687,148,7
1585150651.553109,148,7
1585150651.615504,148,7
1585150651.677922,148,7
1585150651.740326,148,7
1585150651.802750,148,7
1585150651.865546,148,7
1585150651.928197,148,7
1585150651.990888,148,7
1585150652.053416,148,7
1585150652.116233,148,7
1585150652.178863,148,7
1585150652.241472,148,7
1585150652.304061,148,7
1585150652.366587,148,7
1585150652.429186,148,7
1585150652.491717,148,7
1585150652.554339,148,7
1585150652.616917,148,7
1585150652.679501,148,7
1585150652.742145,148,7
1585150652.804737,148,7
1585150652.867293,148,7
1585150652.929867,148,7
1585150652.992424,148,7
1585150653.054990,148,7
1585150653.117612,148,7
1585150653.180249,148,7
1585150653.242829,148,7
1585150653.305366,148,7
1585150653.368021,148,7
1585150653.430631,148,7
1585150653.493484,148,7
1585150653.556055,148,7
1585150653.618794,148,7
1585150653.681271,148,7
1585150653.743730,148,7
1585150653.806221,148,7
1585150653.868659,148,7
1585150653.931096,148,7
1585150653.993509,148,7
1585150654.055924,148,7
1585150654.118453,148,7
1585150654.180884,148,7
1585150654.243334,148,7
1585150654.305905,148,7
1585150654.368608,148,7
1585150654.431086,148,7
1585150654.493553,148,7
1585150654.556045,148,7
1585150654.618493,148,7
1585150654.680913,148,7
1585150654.743358,148,7
1585150654.805786,148,7
1585150654.868339,148,7
1585150654.930775,148,7
1585150654.993195,148,7
1585150655.055611,148,7
1585150655.118155,148,7
1585150655.180595,148,7
1585150655.243066,148,7
1585150655.305523,148,7
1585150655.368062,148,7
1585150655.430997,148,7
1585150655.493448,148,7
1585150655.555870,148,7
1585150655.618366,148,7
1585150655.680797,148,7
1585150655.743228,148,7
1585150655.805653,148,7
1585150655.868223,148,7
1585150655.930663,148,7
1585150655.993074,148,7
1585150656.055503,148,7
1585150656.117960,148,7
1585150656.180381,148,7
1585150656.242800,148,7
1585150656.305249,148,7
1585150656.367734,148,7
1585150656.430308,148,7
1585150656.492880,148,7
1585150656.555454,148,7
1585150656.618067,148,7
1585150656.680647,148,7
1585150656.743222,148,7
1585150656.805805,148,7
1585150656.868431,148,7
1585150656.931076,148,7
1585150656.993666,148,7
1585150657.056265,148,7
1585150657.118818,148,7
1585150657.181402,148,7
1585150657.243978,148,7
1585150657.306830,148,7
1585150657.369447,148,7
1585150657.432035,148,7
1585150657.494695,148,7
1585150657.557281,148,7
1585150657.619841,148,7
1585150657.682425,148,7
1585150657.744948,148,7
1585150657.807545,148,7
1585150657.870164,148,7
1585150657.932795,148,7
1585150657.995409,148,7
1585150658.058047,148,7
1585150658.120586,148,7
1585150658.183007,148,7
1585150658.245418,148,7
1585150658.307876,148,7
1585150658.370297,148,7
1585150658.432729,148,7
1585150658.495159,148,7
1585150658.557595,148,7
1585150658.620026,148,7
1585150658.682450,148,7
1585150658.744845,148,7
1585150658.807267,148,7
1585150658.869686,148,7
1585150658.932159,148,7
1585150658.994594,148,7
1585150659.057030,148,7
1585150659.119447,148,7
1585150659.181864,148,7
1585150659.244286,148,7
1585150659.306768,148,7
1585150659.369257,148,7
1585150659.431684,148,7
1585150659.494099,148,7
1585150659.556503,148,7
1585150659.618933,148,7
1585150659.681390,148,7
1585150659.743788,148,7
1585150659.806175,148,7
1585150659.868579,148,7
1585150659.931006,148,7
1585150659.993466,148,7
1585150660.055912,148,7
1585150660.118245,148,7
1585150660.180415,148,7
1585150660.242579,148,7
1585150660.304815,148,7
1585150660.367041,148,7
1585150660.429709,148,7
1585150660.491923,148,7
1585150660.554104,148,7
1585150660.616294,148,7
1585150660.678459,148,7
1585150660.740633,148,7
1585150660.802796,148,7
1585150660.864961,148,7
1585150660.927137,148,7
1585150660.989295,148,7
1585150661.051564,148,7
1585150661.113788,148,7
1585150661.176025,148,7
1585150661.238194,148,7
1585150661.300379,148,7
1585150661.362548,148,7
1585150661.424727,148,7
1585150661.486928,148,7
1585150661.549120,148,7
1585150661.611288,148,7
1585150661.673451,148,7
1585150661.735632,148,7
1585150661.797810,148,7
1585150661.859973,148,7
1585150661.922146,148,7
1585150661.984363,148,7
1585150662.046541,148,7
1585150662.108731,148,7
1585150662.171003,148,7
1585150662.233193,148,7
1585150662.295380,148,7
1585150662.357558,148,7
1585150662.419741,148,7
1585150662.481936,148,7
1585150662.544123,148,7
1585150662.606298,148,7
1585150662.668471,148,7
1585150662.730632,148,7
1585150662.792837,148,7
1585150662.855049,148,7
1585150662.917273,148,7
1585150662.979487,148,7
1585150663.041695,148,7
1585150663.103919,148,7
1585150663.166167,148,7
1585150663.228395,148,7
1585150663.290614,148,7
1585150663.352833,148,7
1585150663.415041,148,7
1585150663.477277,148,7
1585150663.539496,148,7
1585150663.601674,148,7
1585150663.663902,148,7
1585150663.726119,148,7
1585150663.788346,148,7
1585150663.850568,148,7
1585150663.912786,148,7
1585150663.975036,148,7
1585150664.037269,148,7
1585150664.099504,148,7
1585150664.161731,148,7
1585150664.223943,148,7
1585150664.286164,148,7
1585150664.348378,148,7
1585150664.410590,148,7
1585150664.472800,148,7
1585150664.535017,148,7
1585150664.597243,148,7
1585150664.659466,148,7
1585150664.721668,148,7
1585150664.783859,148,7
1585150664.846095,148,7
1585150664.908294,148,7
1585150664.970496,148,7
1585150665.032674,148,7
1585150665.094878,148,7
1585150665.157587,148,7
1585150665.220262,148,7
1585150665.282854,148,7
1585150665.345468,148,7
1585150665.408163,148,7
1585150665.470799,148,7
1585150665.533781,148,7
1585150665.596401,148,7
1585150665.659063,148,7
1585150665.721678,148,7
1585150665.784296,148,7
1585150665.846876,148,7
1585150665.909448,148,7
1585150665.972102,148,7
1585150666.034665,148,7
1585150666.097258,148,7
1585150666.159860,148,7
1585150666.222402,148,7
1585150666.285027,148,7
1585150666.347646,148,7
1585150666.410261,148,7
1585150666.472860,148,7
1585150666.535434,148,7
1585150666.598136,148,7
1585150666.660716,148,7
1585150666.723283,148,7
1585150666.785815,148,7
1585150666.848424,148,7
1585150666.910880,148,7
1585150666.973294,148,7
1585150667.035713,148,7
1585150667.098243,148,7
1585150667.160678,148,7
1585150667.223120,148,7
1585150667.285522,148,7
1585150667.347936,148,7
1585150667.410371,148,7
1585150667.472782,148,7
1585150667.535189,148,7
1585150667.597642,148,7
1585150667.660101,148,7
1585150667.722543,148,7
1585150667.785045,148,7
1585150667.847513,148,7
1585150667.909940,148,7
1585150667.972416,148,7
1585150668.034853,148,7
1585150668.097275,148,7
1585150668.159798,148,7
1585150668.222234,148,7
1585150668.284739,148,7
1585150668.347185,148,7
1585150668.409625,148,7
1585150668.472058,148,7
1585150668.534476,148,7
1585150668.596966,148,7
1585150668.659379,148,7
1585150668.721788,148,7
1585150668.784232,148,7
1585150668.846641,148,7
1585150668.909054,148,7
1585150668.971455,148,7
1585150669.033847,148,7
1585150669.096272,148,7
1585150669.158695,148,7
1585150669.221090,148,7
1585150669.283498,148,7
1585150669.345911,148,7
1585150669.408452,148,7
1585150669.470867,148,7
1585150669.533275,148,7
1585150669.595681,148,7
1585150669.658171,148,7
1585150669.720617,148,7
1585150669.783029,148,7
1585150669.845452,148,7
1585150669.907874,148,7
1585150669.970288,148,7
1585150670.032710,148,7
1585150670.095121,148,7
1585150670.157526,148,7
1585150670.219936,148,7
1585150670.282351,148,7
1585150670.344790,148,7
1585150670.407244,148,7
1585150670.469666,148,7
1585150670.532545,148,7
1585150670.594999,148,7
1585150670.657447,148,7
1585150670.719868,148,7
1585150670.782273,148,7
1585150670.844681,148,7
1585150670.907155,148,7
1585150670.969571,148,7
1585150671.031983,148,7
1585150671.094400,148,7
1585150671.156854,148,7
1585150671.219271,148,7
1585150671.281679,148,7
1585150671.344084,148,7
1585150671.406493,148,7
1585150671.468918,148,7
1585150671.531343,148,7
1585150671.593752,148,7
1585150671.656189,148,7
1585150671.718661,148,7
1585150671.781150,148,7
1585150671.843599,148,7
1585150671.906070,148,7
1585150671.968575,148,7
1585150672.031000,148,7
1585150672.093418,148,7
1585150672.155824,148,7
1585150672.218400,148,7
1585150672.280826,148,7
1585150672.343261,148,7
1585150672.405705,148,7
1585150672.468229,148,7
1585150672.530651,148,7
1585150672.593077,148,7
1585150672.655492,148,7
1585150672.717908,148,7
1585150672.780339,148,7
1585150672.842755,148,7
1585150672.905176,148,7
1585150672.967589,148,7
1585150673.030053,148,7
1585150673.092471,148,7
1585150673.154871,148,7
1585150673.217320,148,7
1585150673.279790,148,7
1585150673.342272,148,7
1585150673.404754,148,7
1585150673.467253,148,7
1585150673.529705,148,7
1585150673.592138,148,7
1585150673.654623,148,7
1585150673.717179,148,7
1585150673.779627,148,7
1585150673.842071,148,7
1585150673.904560,148,7
1585150673.967111,148,7
1585150674.029544,148,7
1585150674.091969,148,7
1585150674.154390,148,7
1585150674.216960,148,7
1585150674.279471,148,7
1585150674.341926,148,7
1585150674.404352,148,7
1585150674.466924,148,7
1585150674.529379,148,7
1585150674.591821,148,7
1585150674.654244,148,7
1585150674.716670,148,7
1585150674.779140,148,7
1585150674.841549,148,7
1585150674.903959,148,7
1585150674.966368,148,7
1585150675.028796,148,7
1585150675.091218,148,7
1585150675.153634,148,7
1585150675.216065,148,7
1585150675.278481,148,7
1585150675.340963,148,7
1585150675.403409,148,7
1585150675.465845,148,7
1585150675.528753,148,7
1585150675.591010,148,7
1585150675.653229,148,7
1585150675.715427,148,7
1585150675.777611,148,7
1585150675.839801,148,7
1585150675.901997,148,7
1585150675.964245,148,7
1585150676.026453,148,7
1585150676.088646,148,7
1585150676.150839,148,7
1585150676.213033,148,7
1585150676.275269,148,7
1585150676.337463,148,7
1585150676.399651,148,7
1585150676.461825,148,7
1585150676.524015,148,7
1585150676.586210,148,7
1585150676.648442,148,7
1585150676.710654,148,7
1585150676.772835,148,7
1585150676.835022,148,7
1585150676.897201,148,7
1585150676.959464,148,7
1585150677.021705,148,7
1585150677.083927,148,7
1585150677.146099,148,7
1585150677.208446,148,7
1585150677.270962,148,7
1585150677.333148,148,7
1585150677.395319,148,7
1585150677.457498,148,7
1585150677.519670,148,7
1585150677.581845,148,7
1585150677.644044,148,7
1585150677.706231,148,7
1585150677.768416,148,7
1585150677.830587,148,7
1585150677.892767,148,7
1585150677.954988,148,7
1585150678.017216,148,7
1585150678.079434,148,7
1585150678.141677,148,7
1585150678.203877,148,7
1585150678.266095,148,7
1585150678.328263,148,7
1585150678.390431,148,7
1585150678.452600,148,7
1585150678.514802,148,7
1585150678.577758,148,7
1585150678.640608,148,7
1585150678.703483,148,7
1585150678.766470,148,7
1585150678.829350,148,7
1585150678.892184,148,7
1585150678.955036,148,7
1585150679.017932,148,7
1585150679.080836,148,7
1585150679.143763,148,7
1585150679.206860,148,7
1585150679.269727,148,7
1585150679.332658,148,7
1585150679.395522,148,7
1585150679.458471,148,7
1585150679.521340,148,7
1585150679.583837,148,7
1585150679.646475,148,7
1585150679.709033,148,7
1585150679.771730,148,7
1585150679.834369,148,7
1585150679.897065,148,7
1585150679.959663,148,7
1585150680.022285,148,7
1585150680.084876,148,7
1585150680.147604,148,7
1585150680.210244,148,7
1585150680.272870,148,7
1585150680.335525,148,7
1585150680.398210,148,7
1585150680.460867,148,7
1585150680.523443,148,7
1585150680.586073,148,7
1585150680.648751,148,7
1585150680.711387,148,7
1585150680.773988,148,7
1585150680.836542,148,7
1585150680.899061,148,7
1585150680.961594,148,7
1585150681.024179,148,7
1585150681.086789,148,7
1585150681.149340,148,7
1585150681.211900,148,7
1585150681.274484,148,7
1585150681.337060,148,7
1585150681.399659,148,7
1585150681.462210,148,7
1585150681.524801,148,7
1585150681.587342,148,7
1585150681.649911,148,7
1585150681.712434,148,7
1585150681.774991,148,7
1585150681.837590,148,7
1585150681.900084,148,7
1585150681.962506,148,7
1585150682.024904,148,7
1585150682.087307,148,7
1585150682.149743,148,7
1585150682.212163,148,7
1585150682.274614,148,7
1585150682.337039,148,7
1585150682.399430,148,7
1585150682.461815,148,7
1585150682.524219,148,7
1585150682.586636,148,7
1585150682.649059,148,7
1585150682.711876,148,7
1585150682.774746,148,7
1585150682.837644,148,7
1585150682.916952,148,7
1585150682.979416,148,7
1585150683.041847,148,7
1585150683.104261,148,7
1585150683.166665,148,7
1585150683.229071,148,7
1585150683.291505,148,7
1585150683.353907,148,7
1585150683.416316,148,7
1585150683.478712,148,7
1585150683.541118,148,7
1585150683.603525,148,7
1585150683.665925,148,7
1585150683.728394,148,7
1585150683.790809,148,7
1585150683.853228,148,7
1585150683.915643,148,7
1585150683.978158,148,7
1585150684.040614,148,7
1585150684.103038,148,7
1585150684.165474,148,7
1585150684.227913,148,7
1585150684.290376,148,7
1585150684.352927,148,7
1585150684.415471,148,7
1585150684.478150,148,7
1585150684.540787,148,7
1585150684.603361,148,7
1585150684.666003,148,7
1585150684.728538,148,7
1585150684.791114,148,7
1585150684.853724,148,7
1585150684.916312,148,7
1585150684.978926,148,7
1585150685.041542,148,7
1585150685.104210,148,7
1585150685.166895,148,7
1585150685.229447,148,7
1585150685.292127,148,7
1585150685.354796,148,7
1585150685.417491,148,7
1585150685.479984,148,7
1585150685.542407,148,7
1585150685.604889,148,7
1585150685.667371,148,7
1585150685.729780,148,7
1585150685.792216,148,7
1585150685.854649,148,7
1585150685.917097,148,7
1585150685.979533,148,7
1585150686.042108,148,7
1585150686.104672,255,7
1585150686.167108,148,7
1585150686.229583,148,7
1585150686.292032,148,7
1585150686.354455,148,7
1585150686.416930,148,7
1585150686.479374,148,7
1585150686.541793,148,7
1585150686.604189,148,7
1585150686.666582,148,7
1585150686.729005,148,7
1585150686.791476,148,7
1585150686.853886,148,7
1585150686.916301,148,7
1585150686.978722,148,7
1585150687.041144,148,7
1585150687.103563,148,7
1585150687.166012,148,7
1585150687.228416,148,7
1585150687.290812,148,7
1585150687.353214,148,7
1585150687.415602,148,7
1585150687.478088,148,7
1585150687.540530,148,7
1585150687.602941,148,7
1585150687.665364,148,7
1585150687.727833,148,7
1585150687.790423,148,7
1585150687.853014,148,7
1585150687.915606,148,7
1585150687.978271,148,7
1585150688.040866,148,7
1585150688.103504,148,7
1585150688.166191,148,7
1585150688.228790,148,7
1585150688.291438,148,7
1585150688.353954,148,7
1585150688.416454,148,7
1585150688.479089,148,7
1585150688.541686,148,7
1585150688.604228,148,7
1585150688.666836,148,7
1585150688.729370,148,7
1585150688.791990,148,7
1585150688.854569,148,7
1585150688.917135,148,7
1585150688.979723,148,7
1585150689.042316,148,7
1585150689.104819,148,7
1585150689.167249,148,7
1585150689.229670,148,7
1585150689.292081,148,7
1585150689.354478,148,7
1585150689.416936,148,7
1585150689.479470,148,7
1585150689.541921,148,7
1585150689.604329,148,7
1585150689.666793,148,7
1585150689.729200,148,7
1585150689.791595,148,7
1585150689.853992,148,7
1585150689.916392,148,7
1585150689.978798,148,7
1585150690.041195,148,7
1585150690.103597,148,7
1585150690.166071,148,7
1585150690.228499,148,7
1585150690.290908,148,7
1585150690.353362,148,7
1585150690.415788,148,7
1585150690.478354,148,7
1585150690.540776,148,7
1585150690.603297,148,7
1585150690.665752,148,7
1585150690.728252,148,7
1585150690.790702,148,7
1585150690.853095,148,7
1585150690.915504,148,7
1585150690.977917,148,7
1585150691.040322,148,7
1585150691.102730,148,7
1585150691.165159,148,7
1585150691.227585,148,7
1585150691.289992,148,7
1585150691.352386,148,7
1585150691.414795,148,7
1585150691.477192,148,7
1585150691.539594,148,7
1585150691.601998,148,7
1585150691.664398,148,7
1585150691.726890,148,7
1585150691.789337,148,7
1585150691.851858,148,7
1585150691.914611,148,7
1585150691.977192,148,7
1585150692.039838,148,7
1585150692.102414,148,7
1585150692.165009,148,7
1585150692.227602,148,7
1585150692.290262,148,7
1585150692.352881,148,7
1585150692.415453,148,7
1585150692.478096,148,7
1585150692.540665,148,7
1585150692.603251,148,7
1585150692.665866,148,7
1585150692.728462,148,7
1585150692.791028,148,7
1585150692.853550,148,7
1585150692.916120,148,7
1585150692.978730,148,7
1585150693.041301,148,7
1585150693.103872,148,7
1585150693.166449,148,7
1585150693.229051,148,7
1585150693.291715,148,7
1585150693.354289,148,7
1585150693.416911,148,7
1585150693.479488,148,7
1585150693.542077,148,7
1585150693.604653,148,7
1585150693.667131,148,7
1585150693.729537,148,7
1585150693.791933,148,7
1585150693.854360,148,7
1585150693.916839,148,7
1585150693.979241,148,7
1585150694.041632,148,7
1585150694.104040,148,7
1585150694.166446,148,7
1585150694.228889,148,7
1585150694.291298,148,7
1585150694.353713,148,7
1585150694.416126,148,7
1585150694.478532,148,7
1585150694.540976,148,7
1585150694.603389,148,7
1585150694.665807,148,7
1585150694.728315,148,7
1585150694.790723,148,7
1585150694.853117,148,7
1585150694.915524,148,7
1585150694.978008,148,7
1585150695.040405,148,7
1585150695.102807,148,7
1585150695.165210,148,7
1585150695.227623,148,7
1585150695.290035,148,7
1585150695.352462,148,7
1585150695.414879,148,7
1585150695.477301,148,7
1585150695.539727,148,7
1585150695.602238,148,7
1585150695.664673,148,7
1585150695.727097,148,7
1585150695.789501,148,7
1585150695.851903,148,7
1585150695.914291,148,7
1585150695.976742,148,7
1585150696.039155,148,7
1585150696.101582,148,7
1585150696.163980,148,7
1585150696.226419,148,7
1585150696.288828,148,7
1585150696.351246,148,7
1585150696.413649,148,7
1585150696.476083,148,7
1585150696.538535,148,7
1585150696.600950,148,7
1585150696.663359,148,7
1585150696.725752,148,7
1585150696.788250,148,7
1585150696.850936,148,7
1585150696.913328,148,7
1585150696.975692,148,7
1585150697.038174,148,7
1585150697.100522,148,7
1585150697.162880,148,7
1585150697.225237,148,7
1585150697.287610,148,7
1585150697.349968,148,7
1585150697.412490,148,7
1585150697.475142,148,7
1585150697.537757,148,7
1585150697.600424,148,7
1585150697.663004,148,7
1585150697.725581,255,7
1585150697.788236,148,7
1585150697.850829,148,7
1585150697.913463,148,7
1585150697.976054,148,7
1585150698.038616,148,7
1585150698.101254,148,7
1585150698.163727,148,7
1585150698.226173,148,7
1585150698.288581,148,7
1585150698.351151,148,7
1585150698.413703,148,7
1585150698.476183,148,7
1585150698.538640,148,7
1585150698.601050,148,7
1585150698.663465,148,7
1585150698.725859,148,7
1585150698.788342,148,7
1585150698.850802,148,7
1585150698.913226,148,7
1585150698.975638,148,7
1585150699.038114,148,7
1585150699.100528,148,7
1585150699.162967,148,7
1585150699.225380,148,7
1585150699.287805,148,7
1585150699.350240,148,7
1585150699.412671,148,7
1585150699.475149,148,7
1585150699.537763,148,7
1585150699.600320,148,7
1585150699.662870,148,7
1585150699.725433,148,7
1585150699.788101,148,7
1585150699.850678,148,7
1585150699.913246,148,7
1585150699.975817,148,7
1585150700.038451,148,7
1585150700.101069,148,7
1585150700.163685,148,7
1585150700.226216,148,7
1585150700.288814,148,7
1585150700.351380,148,7
1585150700.414063,148,7
1585150700.476753,148,7
1585150700.539309,148,7
1585150700.601847,148,7
1585150700.664545,148,7
1585150700.727224,148,7
1585150700.789854,148,7
1585150700.852456,148,7
1585150700.915063,148,7
1585150700.977720,148,7
1585150701.040321,148,7
1585150701.102934,148,7
1585150701.165408,148,7
1585150701.227820,148,7
1585150701.290237,148,7
1585150701.352636,148,7
1585150701.415040,148,7
1585150701.477467,148,7
1585150701.539892,148,7
1585150701.602295,148,7
1585150701.664733,148,7
1585150701.727155,148,7
1585150701.789566,148,7
1585150701.851982,148,7
1585150701.914377,148,7
1585150701.976928,148,7
1585150702.039435,148,7
1585150702.101855,148,7
1585150702.164271,148,7
1585150702.226754,148,7
1585150702.289181,148,7
1585150702.351596,148,7
1585150702.414005,148,7
1585150702.476426,148,7
1585150702.538882,148,7
1585150702.601304,148,7
1585150702.663731,148,7
1585150702.726154,148,7
1585150702.788616,148,7
1585150702.851036,148,7
1585150702.913451,148,7
1585150702.975864,148,7
1585150703.038445,148,7
1585150703.100875,148,7
1585150703.163357,148,7
1585150703.225793,148,7
1585150703.288327,148,7
1585150703.350734,148,7
1585150703.413145,148,7
1585150703.475567,148,7
1585150703.538070,148,7
1585150703.600489,148,7
1585150703.662916,148,7
1585150703.725349,148,7
1585150703.787855,148,7
1585150703.850402,148,7
1585150703.912833,148,7
1585150703.975250,148,7
1585150704.037674,148,7
1585150704.100139,148,7
1585150704.162564,148,7
1585150704.224985,148,7
1585150704.287407,148,7
1585150704.349822,148,7
1585150704.412245,148,7
1585150704.474709,148,7
1585150704.537249,148,7
1585150704.599850,148,7
1585150704.662471,148,7
1585150704.725063,148,7
1585150704.787721,148,7
1585150704.850337,148,7
1585150704.912905,148,7
1585150704.975518,148,7
1585150705.038248,148,7
1585150705.100842,148,7
1585150705.163476,148,7
1585150705.226116,148,7
1585150705.288738,148,7
1585150705.351481,148,7
1585150705.414216,148,7
1585150705.476803,148,7
1585150705.539457,148,7
1585150705.602010,148,7
1585150705.664680,148,7
1585150705.727336,148,7
1585150705.790021,148,7
1585150705.852610,148,7
1585150705.915223,148,7
1585150705.977848,148,7
1585150706.040391,148,7
1585150706.103047,148,7
1585150706.165639,148,7
1585150706.228345,148,7
1585150706.290969,148,7
1585150706.353575,148,7
1585150706.416212,148,7
1585150706.478843,148,7
1585150706.541555,148,7
1585150706.604177,148,7
1585150706.666810,148,7
1585150706.729302,148,7
1585150706.791750,148,7
1585150706.854192,148,7
1585150706.916622,148,7
1585150706.979050,148,7
1585150707.041486,148,7
1585150707.103926,148,7
1585150707.166390,148,7
1585150707.228828,148,7
1585150707.291248,148,7
1585150707.353656,148,7
1585150707.416069,148,7
1585150707.478495,148,7
1585150707.540902,148,7
1585150707.603307,148,7
1585150707.665719,148,7
1585150707.728290,148,7
1585150707.790783,148,7
1585150707.853205,148,7
1585150707.915639,148,7
1585150707.978175,148,7
1585150708.040600,148,7
1585150708.103003,148,7
1585150708.165424,148,7
1585150708.227843,148,7
1585150708.290261,148,7
1585150708.352683,148,7
1585150708.415111,148,7
1585150708.477522,148,7
1585150708.539946,148,7
1585150708.602359,148,7
1585150708.664777,148,7
1585150708.727199,148,7
1585150708.789611,148,7
1585150708.852030,148,7
1585150708.914443,148,7
1585150708.976920,148,7
1585150709.039384,148,7
1585150709.101805,148,7
1585150709.164214,148,7
1585150709.226643,148,7
1585150709.289069,148,7
1585150709.351533,148,7
1585150709.413948,148,7
1585150709.476368,148,7
1585150709.538813,148,7
1585150709.601239,148,7
1585150709.663657,148,7
1585150709.726068,148,7
1585150709.788484,148,7
1585150709.850908,148,7
1585150709.913338,148,7
1585150709.975750,148,7
1585150710.038276,148,7
1585150710.100697,148,7
1585150710.163111,148,7
1585150710.225589,148,7
1585150710.288149,148,7
1585150710.350596,148,7
1585150710.413114,148,7
1585150710.475758,148,7
1585150710.538429,148,7
